recommendation,collection,image
Formal Suit,Formal,formals/f1.png
Executive Chic,Formal,formals/f2.jpg
Corporate Elegance,Formal,formals/f3.png
Classic Office Wear,Formal,formals/f4.png
Modern Professional,Formal,formals/f5.jpg
Smart Business Casual,Formal,formals/f6.jpg
Luxury Workwear,Formal,formals/f7.png
Power Dressing,Formal,formals/f8.png
Elegant Executive,Formal,formals/f9.png
Vintage Street Casual,Casual,casual/c1.jpg
Summer Denim Vibes,Casual,casual/c2.png
Classic Blue Casual,Casual,casual/c3.png
California Weekend,Casual,casual/c4.png
Urban Stripe Look,Casual,casual/c5.png
Minimal Streetwear,Casual,casual/c6.png
Soft Blue Everyday,Casual,casual/c7.jpg
Neutral Comfort Fit,Casual,casual/c8.jpg
Cargo Cool Casual,Casual,casual/c9.jpg
Cozy Midnight Lounge,Night Wear,night/n1.jpg
Mocha Comfort Set,Night Wear,night/n2.jpg
Blush Stripe Sleepwear,Night Wear,night/n3.jpg
Ruby Satin Dreams,Night Wear,night/n4.jpg
Classic Black Pajama,Night Wear,night/n5.jpg
Navy Luxury Sleep Set,Night Wear,night/n6.jpg
Winter Cozy Lounge,Night Wear,night/n7.jpg
Pink Satin Elegance,Night Wear,night/n8.jpg
Sweet Heart Pajama,Night Wear,night/n9.jpg
Burgundy Satin Lounge,Night Wear,night/n10.jpg
Blue Breeze Romper,Summer,summer/s1.jpg
Café Chic Denim,Summer,summer/s2.jpg
Sky Blossom Dress,Summer,summer/s3.jpg
Olive Garden Elegance,Summer,summer/s4.jpg
Pink Sunset Glam,Summer,summer/s5.jpg
Wild Luxe Statement,Summer,summer/s6.jpg
Ruby Riviera Look,Summer,summer/s7.jpg
Coastal Escape,Summer,summer/s8.jpg
Blue Lagoon Jumpsuit,Summer,summer/s9.jpg
Mint Meadow Set,Summer,summer/s10.jpg
Classic Campus Summer,Summer,summer/s11.jpg
Golden Hour Denim,Summer,summer/s12.jpg
Blush Garden Romance,Spring,spring/s1.jpg
Crimson Bloom Elegance,Spring,spring/s2.jpg
Cherry Blossom Charm,Spring,spring/s3.jpg
Buttercream Coastal Muse,Spring,spring/s4.jpg
Sunset Petal Gown,Spring,spring/s5.jpg
Sage Whisper Set,Spring,spring/s6.jpg
Peach Petal Dream,Spring,spring/s7.jpg
Bluebell Cottage Dress,Spring,spring/s8.jpg
Rose Meadow Maxi,Spring,spring/s9.jpg
Pink Orchid Grace,Spring,spring/s10.jpg
Lemon Sorbet Picnic,Spring,spring/s11.jpg
Vintage Floral Fairytale,Spring,spring/s12.jpg
Midnight Amethyst Glam,Partywear,party-western/p1.jpg
Burgundy Desire Gown,Partywear,party-western/p2.jpg
Sage Satin Elegance,Partywear,party-western/p3.jpg
Blush Rose Soirée,Partywear,party-western/p4.jpg
Midnight Stardust Dress,Partywear,party-western/p5.jpg
Emerald Royal Affair,Partywear,party-western/p6.jpg
Champagne Pearl Muse,Partywear,party-western/p7.jpg
Golden Goddess Evening,Partywear,party-western/p8.jpg
Rose Gold Enchantment,Partywear,party-western/p9.jpg
Rani Noor Lehenga,Traditional,traditional/t1.jpg
Mint Sheesh Mahal Set,Traditional,traditional/t2.jpg
Emerald Heritage Sharara,Traditional,traditional/t3.jpg
Olive Mehfil Ensemble,Traditional,traditional/t4.jpg
Sunset Haldi Draped Set,Traditional,traditional/t5.jpg
Blush Rosette Saree,Traditional,traditional/t6.jpg
Ivory Royale Lehenga,Traditional,traditional/t7.jpg
Gulabi Banarasi Grace,Traditional,traditional/t8.jpg
Pearl Petal Lehenga,Traditional,traditional/t9.jpg
Neelam Festive Lehenga,Traditional,traditional/t10.jpg
Ruby Rani Sharara,Traditional,traditional/t11.jpg
Moonlit Floral Anarkali,Traditional,traditional/t12.jpg
Mocha Luxe Ensemble,Winter,winter/w1.jpg
Sage Frost Elegance,Winter,winter/w2.jpg
Cocoa Chic Leather Set,Winter,winter/w3.jpg
Midnight Casual Knit,Winter,winter/w4.jpg
Urban Noir Denim Edit,Winter,winter/w5.jpg
Parisian Winter Muse,Winter,winter/w6.jpg
Ivory Snowfall Classic,Winter,winter/w7.jpg
Monochrome Boss Babe,Winter,winter/w8.jpg
Aurora Cashmere Wrap,Winter,winter/w9.jpg
Plush Snowflake Set,Winter,winter/w10.jpg
